core,TD,BD,age
ALHIC2301,16.25,16.65,2.992
ALHIC2301,18.88,19.28,2.783
ALHIC2301,21.55,21.95,2.942
ALHIC2301,24.43,24.83,3.224
IDDO2301,10.8,11.02,4.129
ALHIC2201,25.61,25.86,0.77736
ALHIC2201,36.59,36.79,0.6026
ALHIC2201,38.65,38.85,0.35247
ALHIC2201,44.09,44.29,0.61873
ALHIC2201,47.05,47.25,0.3325
ALHIC2201,50.04,50.14,0.62795
ALHIC2201,53.44,53.54,0.37262
ALHIC2201,56.32,56.42,0.35154
ALHIC2201,59.95,60.05,0.68631
ALHIC2201,66.1,66.2,1.05376
